"00:00:00","22,96","23,46","23,58","23,41","23,14","23,29","23,79"
"00:00:05","23,00","23,44","23,56","23,40","23,14","23,30","23,79"
"00:00:10","23,05","23,41","23,53","23,39","23,15","23,30","23,79"
"00:00:15","23,11","23,39","23,50","23,37","23,15","23,31","23,80"
"00:00:20","23,18","23,39","23,48","23,36","23,16","23,32","23,81"
"00:00:25","23,24","23,39","23,45","23,35","23,16","23,33","23,82"
"00:00:30","23,29","23,39","23,44","23,33","23,16","23,33","23,82"
"00:00:35","23,36","23,40","23,43","23,32","23,16","23,34","23,83"
"00:00:40","23,46","23,43","23,43","23,31","23,16","23,35","23,84"
"00:00:45","23,55","23,46","23,43","23,30","23,17","23,36","23,85"
"00:00:50","23,63","23,49","23,43","23,30","23,17","23,37","23,86"
"00:00:55","23,69","23,52","23,43","23,29","23,16","23,37","23,86"
"00:01:00","23,78","23,55","23,44","23,29","23,16","23,38","23,87"
"00:01:05","23,88","23,59","23,45","23,29","23,16","23,38","23,87"
"00:01:10","24,02","23,63","23,46","23,29","23,16","23,39","23,88"
"00:01:15","24,21","23,68","23,48","23,29","23,16","23,40","23,88"
"00:01:20","24,46","23,76","23,50","23,30","23,16","23,40","23,89"
"00:01:25","24,78","23,85","23,53","23,31","23,17","23,41","23,90"
"00:01:30","25,16","23,97","23,57","23,32","23,17","23,42","23,91"
"00:01:35","25,60","24,11","23,61","23,33","23,17","23,42","23,91"
"00:01:40","26,19","24,29","23,68","23,35","23,18","23,43","23,92"
"00:01:45","26,88","24,52","23,75","23,38","23,18","23,44","23,93"
"00:01:50","27,61","24,77","23,84","23,40","23,17","23,44","23,93"
"00:01:55","28,44","25,09","23,96","23,44","23,18","23,45","23,94"
"00:02:00","29,40","25,46","24,09","23,48","23,18","23,45","23,94"
"00:02:05","30,35","25,90","24,27","23,54","23,20","23,46","23,95"
"00:02:10","31,16","26,34","24,46","23,61","23,20","23,47","23,96"
"00:02:15","31,92","26,80","24,66","23,69","23,21","23,47","23,97"
"00:02:20","32,70","27,30","24,92","23,79","23,22","23,48","23,97"
"00:02:25","33,44","27,80","25,19","23,91","23,24","23,49","23,98"
"00:02:30","34,08","28,27","25,45","24,02","23,25","23,49","23,98"
"00:02:35","34,69","28,72","25,72","24,16","23,27","23,50","23,99"
"00:02:40","35,30","29,22","26,03","24,31","23,29","23,50","24,00"
"00:02:45","35,89","29,69","26,34","24,47","23,31","23,50","24,00"
"00:02:50","36,40","30,11","26,63","24,63","23,34","23,50","24,00"
"00:02:55","36,90","30,53","26,92","24,80","23,37","23,51","24,01"
"00:03:00","37,40","30,97","27,25","24,99","23,42","23,52","24,02"
"00:03:05","37,81","31,39","27,56","25,19","23,46","23,53","24,03"
"00:03:10","38,03","31,76","27,86","25,37","23,51","23,54","24,04"
"00:03:15","38,10","32,08","28,15","25,56","23,56","23,55","24,05"
"00:03:20","37,99","32,38","28,44","25,76","23,61","23,55","24,05"
"00:03:25","37,73","32,61","28,73","25,98","23,67","23,56","24,06"
"00:03:30","37,36","32,75","28,96","26,16","23,73","23,57","24,06"
"00:03:35","36,88","32,83","29,18","26,35","23,79","23,58","24,07"
"00:03:40","36,25","32,83","29,38","26,53","23,86","23,59","24,07"
"00:03:45","35,56","32,77","29,54","26,72","23,94","23,60","24,08"
"00:03:50","34,86","32,65","29,65","26,88","24,01","23,62","24,09"
"00:03:55","34,16","32,48","29,73","27,02","24,08","23,63","24,09"
"00:04:00","33,41","32,24","29,77","27,16","24,16","23,65","24,10"
"00:04:05","32,70","31,98","29,78","27,28","24,25","23,66","24,11"
"00:04:10","32,10","31,70","29,75","27,37","24,32","23,68","24,11"
"00:04:15","31,57","31,42","29,70","27,44","24,39","23,69","24,12"
"00:04:20","31,08","31,13","29,63","27,51","24,48","23,72","24,12"
"00:04:25","30,68","30,83","29,53","27,54","24,55","23,73","24,13"
"00:04:30","30,39","30,58","29,43","27,57","24,62","23,76","24,14"
"00:04:35","30,18","30,34","29,32","27,58","24,69","23,77","24,14"
"00:04:40","29,99","30,14","29,21","27,59","24,77","23,80","24,16"
"00:04:45","29,82","29,93","29,09","27,58","24,83","23,83","24,16"
"00:04:50","29,68","29,77","28,99","27,56","24,89","23,85","24,17"
"00:04:55","29,55","29,62","28,89","27,54","24,94","23,87","24,17"
"00:05:00","29,42","29,47","28,79","27,52","24,99","23,90","24,18"
"00:05:05","29,30","29,33","28,69","27,49","25,04","23,93","24,19"
"00:05:10","29,19","29,22","28,60","27,45","25,08","23,95","24,20"
"00:05:15","29,08","29,10","28,52","27,43","25,12","23,98","24,20"
"00:05:20","28,98","28,99","28,44","27,39","25,16","24,01","24,21"
"00:05:25","28,87","28,89","28,36","27,35","25,20","24,03","24,22"
"00:05:30","28,79","28,80","28,29","27,33","25,23","24,06","24,23"
"00:05:35","28,73","28,71","28,22","27,30","25,26","24,09","24,24"
"00:05:40","28,70","28,63","28,15","27,26","25,28","24,12","24,25"
"00:05:45","28,66","28,55","28,08","27,23","25,31","24,15","24,26"
"00:05:50","28,64","28,49","28,03","27,19","25,33","24,17","24,27"
"00:05:55","28,61","28,44","27,97","27,16","25,35","24,20","24,28"
"00:06:00","28,61","28,39","27,92","27,14","25,37","24,23","24,30"
"00:06:05","28,63","28,34","27,87","27,10","25,39","24,25","24,31"
"00:06:10","28,69","28,31","27,83","27,08","25,41","24,28","24,32"
"00:06:15","28,80","28,29","27,79","27,05","25,41","24,30","24,33"
"00:06:20","28,99","28,30","27,76","27,02","25,43","24,33","24,35"
"00:06:25","29,24","28,32","27,73","27,00","25,44","24,36","24,36"
"00:06:30","29,56","28,36","27,72","26,98","25,45","24,37","24,37"
"00:06:35","29,97","28,45","27,72","26,97","25,46","24,40","24,38"
"00:06:40","30,51","28,58","27,73","26,95","25,47","24,42","24,39"
"00:06:45","31,15","28,76","27,76","26,94","25,48","24,44","24,41"
"00:06:50","31,84","28,97","27,80","26,94","25,48","24,46","24,42"
"00:06:55","32,62","29,24","27,87","26,95","25,49","24,48","24,44"
"00:07:00","33,50","29,58","27,97","26,96","25,49","24,50","24,45"
"00:07:05","34,37","29,97","28,11","26,99","25,51","24,52","24,47"
"00:07:10","35,11","30,36","28,26","27,04","25,52","24,55","24,48"
"00:07:15","35,81","30,76","28,44","27,09","25,52","24,56","24,50"
"00:07:20","36,52","31,20","28,65","27,16","25,53","24,58","24,51"
"00:07:25","37,18","31,64","28,87","27,25","25,54","24,59","24,51"
"00:07:30","37,76","32,04","29,10","27,34","25,55","24,61","24,53"
"00:07:35","38,30","32,44","29,34","27,45","25,57","24,62","24,55"
"00:07:40","38,86","32,86","29,60","27,57","25,58","24,64","24,55"
"00:07:45","39,39","33,28","29,87","27,71","25,61","24,65","24,56"
"00:07:50","39,85","33,66","30,13","27,84","25,64","24,67","24,58"
"00:07:55","40,29","34,02","30,38","27,99","25,67","24,69","24,59"
"00:08:00","40,73","34,41","30,65","28,15","25,70","24,70","24,60"
"00:08:05","41,09","34,78","30,93","28,32","25,74","24,72","24,61"
"00:08:10","41,28","35,11","31,17","28,48","25,78","24,73","24,62"
"00:08:15","41,32","35,40","31,42","28,64","25,82","24,74","24,63"
"00:08:20","41,20","35,67","31,69","28,82","25,87","24,77","24,64"
"00:08:25","40,91","35,86","31,93","29,00","25,93","24,78","24,65"
"00:08:30","40,50","35,97","32,13","29,17","25,98","24,80","24,66"
"00:08:35","40,00","36,02","32,31","29,34","26,04","24,82","24,68"
"00:08:40","39,33","35,99","32,47","29,50","26,11","24,84","24,69"
"00:08:45","38,59","35,89","32,60","29,66","26,17","24,86","24,70"
"00:08:50","37,86","35,74","32,69","29,80","26,24","24,88","24,71"
"00:08:55","37,12","35,54","32,74","29,92","26,31","24,90","24,72"
"00:09:00","36,34","35,28","32,75","30,04","26,39","24,93","24,73"
"00:09:05","35,59","34,97","32,73","30,13","26,46","24,95","24,74"
"00:09:10","34,95","34,67","32,68","30,20","26,53","24,97","24,76"
"00:09:15","34,38","34,36","32,60","30,25","26,60","24,99","24,76"
"00:09:20","33,84","34,02","32,50","30,28","26,66","25,01","24,77"
"00:09:25","33,41","33,69","32,38","30,31","26,74","25,04","24,78"
"00:09:30","33,13","33,43","32,26","30,31","26,79","25,06","24,79"
"00:09:35","32,88","33,17","32,13","30,31","26,86","25,09","24,80"
"00:09:40","32,66","32,92","32,00","30,29","26,92","25,11","24,81"
"00:09:45","32,46","32,70","31,86","30,27","26,98","25,15","24,83"
"00:09:50","32,29","32,50","31,74","30,23","27,03","25,18","24,84"
"00:09:55","32,14","32,34","31,62","30,19","27,08","25,20","24,85"
"00:10:00","31,96","32,15","31,48","30,14","27,12","25,23","24,86"
"00:10:05","31,81","31,99","31,36","30,09","27,16","25,26","24,87"
"00:10:10","31,68","31,85","31,26","30,04","27,19","25,29","24,88"
"00:10:15","31,55","31,71","31,15","30,00","27,23","25,32","24,89"
"00:10:20","31,42","31,58","31,05","29,94","27,26","25,35","24,90"
"00:10:25","31,29","31,44","30,94","29,89","27,28","25,37","24,91"
"00:10:30","31,17","31,32","30,85","29,83","27,31","25,40","24,92"
"00:10:35","31,07","31,22","30,77","29,79","27,33","25,43","24,94"
"00:10:40","31,01","31,11","30,67","29,73","27,35","25,46","24,95"
"00:10:45","30,96","31,01","30,58","29,67","27,36","25,49","24,96"
"00:10:50","30,92","30,92","30,50","29,63","27,37","25,51","24,97"
"00:10:55","30,89","30,85","30,43","29,58","27,39","25,54","24,99"
"00:11:00","30,85","30,77","30,35","29,52","27,39","25,56","24,99"
"00:11:05","30,85","30,71","30,28","29,47","27,39","25,59","25,01"
"00:11:10","30,89","30,65","30,22","29,43","27,40","25,61","25,01"
"00:11:15","30,98","30,61","30,16","29,38","27,40","25,64","25,03"
"00:11:20","31,15","30,60","30,12","29,34","27,42","25,67","25,05"
"00:11:25","31,38","30,61","30,08","29,30","27,42","25,70","25,06"
"00:11:30","31,68","30,64","30,04","29,26","27,42","25,72","25,07"
"00:11:35","32,06","30,70","30,02","29,23","27,42","25,74","25,08"
"00:11:40","32,59","30,81","30,01","29,20","27,42","25,77","25,10"
"00:11:45","33,22","30,97","30,02","29,18","27,41","25,79","25,10"
"00:11:50","33,90","31,17","30,05","29,16","27,42","25,81","25,12"
"00:11:55","34,68","31,41","30,11","29,15","27,42","25,82","25,13"
"00:12:00","35,56","31,73","30,19","29,16","27,41","25,85","25,15"
"00:12:05","36,40","32,10","30,31","29,17","27,41","25,86","25,16"
"00:12:10","37,12","32,48","30,44","29,20","27,42","25,89","25,17"
"00:12:15","37,79","32,85","30,60","29,23","27,41","25,90","25,18"
"00:12:20","38,48","33,28","30,79","29,30","27,42","25,92","25,20"
"00:12:25","39,13","33,71","31,00","29,38","27,42","25,94","25,21"
"00:12:30","39,69","34,09","31,21","29,46","27,43","25,95","25,22"
"00:12:35","40,21","34,48","31,43","29,55","27,43","25,97","25,23"
"00:12:40","40,75","34,89","31,68","29,67","27,45","25,98","25,24"
"00:12:45","41,24","35,29","31,92","29,79","27,46","25,99","25,25"
"00:12:50","41,68","35,64","32,16","29,91","27,48","26,01","25,26"
"00:12:55","42,10","36,00","32,40","30,05","27,50","26,03","25,28"
"00:13:00","42,54","36,38","32,67","30,20","27,53","26,05","25,29"
"00:13:05","42,90","36,74","32,92","30,34","27,56","26,06","25,30"
"00:13:10","43,10","37,05","33,16","30,49","27,60","26,07","25,31"
"00:13:15","43,15","37,34","33,39","30,64","27,63","26,08","25,32"
"00:13:20","43,03","37,58","33,63","30,80","27,67","26,09","25,32"
"00:13:25","42,75","37,78","33,87","30,96","27,72","26,11","25,34"
"00:13:30","42,35","37,88","34,06","31,11","27,77","26,13","25,34"
"00:13:35","41,84","37,93","34,24","31,27","27,83","26,15","25,37"
"00:13:40","41,19","37,90","34,40","31,43","27,88","26,17","25,37"
"00:13:45","40,45","37,79","34,51","31,57","27,94","26,18","25,38"
"00:13:50","39,72","37,63","34,58","31,69","28,00","26,20","25,39"
"00:13:55","38,95","37,42","34,62","31,79","28,05","26,21","25,40"
"00:14:00","38,15","37,14","34,62","31,90","28,12","26,23","25,41"
"00:14:05","37,37","36,82","34,60","31,97","28,18","26,25","25,42"
"00:14:10","36,73","36,51","34,53","32,04","28,24","26,26","25,43"
"00:14:15","36,14","36,19","34,45","32,08","28,31","26,29","25,44"
"00:14:20","35,58","35,84","34,34","32,11","28,37","26,31","25,45"
"00:14:25","35,13","35,50","34,21","32,12","28,44","26,33","25,46"
"00:14:30","34,80","35,20","34,07","32,12","28,49","26,35","25,46"
"00:14:35","34,54","34,93","33,93","32,10","28,54","26,37","25,47"
"00:14:40","34,31","34,67","33,78","32,07","28,60","26,40","25,48"
"00:14:45","34,09","34,43","33,63","32,03","28,65","26,43","25,49"
"00:14:50","33,90","34,22","33,49","31,98","28,69","26,44","25,49"
"00:14:55","33,73","34,03","33,36","31,94","28,73","26,47","25,50"
"00:15:00","33,56","33,85","33,22","31,89","28,77","26,50","25,51"
"00:15:05","33,39","33,68","33,09","31,83","28,80","26,52","25,52"
"00:15:10","33,24","33,53","32,97","31,77","28,83","26,55","25,53"
"00:15:15","33,10","33,38","32,86","31,71","28,86","26,58","25,54"
"00:15:20","32,96","33,23","32,75","31,65","28,88","26,60","25,55"
"00:15:25","32,81","33,08","32,63","31,58","28,90","26,63","25,56"
"00:15:30","32,69","32,96","32,53","31,53","28,92","26,66","25,57"
"00:15:35","32,57","32,84","32,43","31,47","28,93","26,68","25,58"
"00:15:40","32,50","32,71","32,32","31,40","28,94","26,70","25,59"
"00:15:45","32,45","32,61","32,24","31,35","28,96","26,74","25,61"
"00:15:50","32,40","32,51","32,14","31,29","28,96","26,75","25,61"
"00:15:55","32,35","32,42","32,05","31,23","28,96","26,77","25,62"
"00:16:00","32,32","32,34","31,97","31,16","28,96","26,80","25,63"
"00:16:05","32,32","32,26","31,89","31,10","28,96","26,82","25,64"
"00:16:10","32,35","32,20","31,82","31,05","28,96","26,83","25,64"
"00:16:15","32,44","32,16","31,76","31,00","28,96","26,86","25,66"
"00:16:20","32,60","32,13","31,69","30,94","28,95","26,88","25,66"
"00:16:25","32,84","32,13","31,64","30,89","28,95","26,90","25,67"
"00:16:30","33,13","32,15","31,58","30,84","28,93","26,92","25,68"
"00:16:35","33,52","32,21","31,56","30,80","28,92","26,93","25,69"
"00:16:40","34,05","32,31","31,54","30,76","28,91","26,94","25,69"
"00:16:45","34,70","32,47","31,54","30,73","28,91","26,96","25,71"
"00:16:50","35,40","32,67","31,58","30,71","28,90","26,98","25,72"
"00:16:55","36,18","32,91","31,62","30,70","28,89","26,99","25,72"
"00:17:00","37,04","33,23","31,70","30,69","28,88","27,01","25,73"
"00:17:05","37,86","33,60","31,81","30,70","28,87","27,02","25,73"
"00:17:10","38,56","33,96","31,94","30,72","28,87","27,04","25,74"
"00:17:15","39,22","34,35","32,09","30,75","28,86","27,05","25,75"
"00:17:20","39,89","34,76","32,28","30,80","28,85","27,06","25,75"
"00:17:25","40,51","35,17","32,48","30,87","28,85","27,07","25,77"
"00:17:30","41,04","35,55","32,69","30,94","28,85","27,08","25,77"
"00:17:35","41,54","35,92","32,90","31,02","28,85","27,09","25,78"
"00:17:40","42,06","36,32","33,14","31,14","28,86","27,11","25,79"
"00:17:45","42,55","36,71","33,38","31,25","28,87","27,11","25,80"
"00:17:50","42,97","37,06","33,61","31,36","28,88","27,12","25,81"
"00:17:55","43,38","37,40","33,84","31,49","28,89","27,14","25,82"
"00:18:00","43,79","37,77","34,09","31,63","28,92","27,15","25,83"
"00:18:05","44,14","38,11","34,34","31,77","28,94","27,15","25,84"
"00:18:10","44,33","38,42","34,57","31,91","28,97","27,17","25,85"
"00:18:15","44,37","38,69","34,79","32,05","29,00","27,17","25,85"
"00:18:20","44,24","38,94","35,03","32,20","29,04","27,18","25,87"
"00:18:25","43,94","39,11","35,25","32,36","29,07","27,19","25,88"
"00:18:30","43,53","39,21","35,45","32,51","29,12","27,20","25,90"
"00:18:35","43,01","39,24","35,60","32,64","29,15","27,21","25,90"
"00:18:40","42,34","39,20","35,75","32,79","29,21","27,22","25,92"
"00:18:45","41,59","39,07","35,85","32,92","29,26","27,23","25,92"
"00:18:50","40,85","38,91","35,91","33,04","29,31","27,24","25,93"
"00:18:55","40,10","38,69","35,94","33,14","29,36","27,25","25,94"
"00:19:00","39,29","38,39","35,93","33,23","29,42","27,26","25,95"
"00:19:05","38,53","38,07","35,90","33,30","29,48","27,28","25,96"
"00:19:10","37,87","37,75","35,83","33,36","29,54","27,29","25,97"
"00:19:15","37,27","37,41","35,73","33,39","29,59","27,30","25,97"
"00:19:20","36,71","37,06","35,61","33,41","29,64","27,32","25,98"
"00:19:25","36,26","36,71","35,47","33,41","29,70","27,34","25,99"
"00:19:30","35,94","36,42","35,34","33,40","29,76","27,36","26,01"
"00:19:35","35,68","36,14","35,19","33,38","29,80","27,38","26,01"
"00:19:40","35,43","35,87","35,02","33,34","29,85","27,40","26,02"
"00:19:45","35,20","35,62","34,87","33,29","29,89","27,42","26,03"
"00:19:50","35,01","35,41","34,72","33,24","29,92","27,43","26,04"
"00:19:55","34,83","35,22","34,58","33,18","29,96","27,46","26,05"
"00:20:00","34,64","35,02","34,44","33,12","29,99","27,47","26,06"
"00:20:05","34,46","34,83","34,30","33,05","30,02","27,50","26,07"
"00:20:10","34,30","34,67","34,17","32,99","30,03","27,51","26,07"
"00:20:15","34,15","34,52","34,05","32,92","30,05","27,53","26,08"
"00:20:20","33,99","34,36","33,92","32,85","30,06","27,55","26,08"
"00:20:25","33,84","34,21","33,80","32,78","30,08","27,58","26,09"
"00:20:30","33,71","34,07","33,69","32,71","30,09","27,60","26,10"
"00:20:35","33,59","33,95","33,59","32,65","30,10","27,62","26,11"
"00:20:40","33,51","33,81","33,48","32,58","30,10","27,64","26,12"
"00:20:45","33,45","33,69","33,37","32,51","30,10","27,67","26,13"
"00:20:50","33,40","33,60","33,27","32,45","30,10","27,68","26,14"
"00:20:55","33,36","33,51","33,19","32,39","30,10","27,71","26,15"
"00:21:00","33,32","33,42","33,09","32,31","30,09","27,72","26,16"
"00:21:05","33,32","33,33","33,00","32,24","30,09","27,74","26,16"
"00:21:10","33,36","33,27","32,93","32,18","30,08","27,75","26,17"
"00:21:15","33,44","33,22","32,86","32,12","30,07","27,77","26,18"
"00:21:20","33,60","33,20","32,79","32,07","30,07","27,79","26,19"
"00:21:25","33,82","33,18","32,73","32,01","30,05","27,80","26,19"
"00:21:30","34,12","33,21","32,68","31,96","30,04","27,82","26,20"
"00:21:35","34,51","33,26","32,64","31,91","30,02","27,83","26,20"
"00:21:40","35,04","33,36","32,62","31,87","30,01","27,84","26,20"
"00:21:45","35,69","33,52","32,62","31,83","29,99","27,85","26,21"
"00:21:50","36,40","33,71","32,65","31,80","29,99","27,87","26,22"
"00:21:55","37,19","33,96","32,69","31,78","29,97","27,89","26,23"
"00:22:00","38,04","34,27","32,77","31,77","29,95","27,89","26,23"
"00:22:05","38,84","34,64","32,88","31,78","29,94","27,91","26,24"
"00:22:10","39,53","35,01","33,00","31,80","29,93","27,92","26,25"
"00:22:15","40,17","35,37","33,15","31,82","29,92","27,92","26,25"
"00:22:20","40,82","35,78","33,33","31,86","29,90","27,93","26,25"
"00:22:25","41,42","36,19","33,53","31,92","29,90","27,94","26,26"
"00:22:30","41,94","36,56","33,73","32,00","29,89","27,94","26,27"
"00:22:35","42,43","36,92","33,93","32,08","29,89","27,95","26,27"
"00:22:40","42,93","37,31","34,16","32,17","29,88","27,95","26,27"
"00:22:45","43,41","37,69","34,40","32,28","29,89","27,96","26,28"
"00:22:50","43,83","38,03","34,62","32,39","29,89","27,96","26,28"
"00:22:55","44,22","38,36","34,83","32,50","29,90","27,96","26,29"
"00:23:00","44,62","38,71","35,08","32,63","29,91","27,97","26,29"
"00:23:05","44,98","39,05","35,32","32,77","29,94","27,98","26,30"
"00:23:10","45,18","39,36","35,55","32,91","29,96","27,99","26,31"
"00:23:15","45,22","39,63","35,77","33,04","29,99","28,00","26,31"
"00:23:20","45,09","39,86","35,99","33,19","30,02","28,00","26,32"
"00:23:25","44,79","40,04","36,21","33,34","30,05","28,00","26,33"
"00:23:30","44,38","40,13","36,40","33,48","30,09","28,01","26,34"
"00:23:35","43,86","40,15","36,55","33,61","30,12","28,02","26,35"
"00:23:40","43,19","40,11","36,69","33,76","30,17","28,02","26,37"
"00:23:45","42,44","39,99","36,79","33,89","30,22","28,03","26,38"
"00:23:50","41,70","39,82","36,86","33,99","30,27","28,04","26,39"
"00:23:55","40,95","39,60","36,88","34,10","30,31","28,05","26,40"
"00:24:00","40,15","39,30","36,87","34,18","30,37","28,06","26,41"
"00:24:05","39,39","38,97","36,83","34,25","30,42","28,07","26,42"
"00:24:10","38,72","38,63","36,75","34,30","30,48","28,09","26,43"
"00:24:15","38,13","38,30","36,66","34,34","30,53","28,10","26,44"
"00:24:20","37,55","37,96","36,53","34,35","30,57","28,11","26,44"
"00:24:25","37,11","37,61","36,39","34,35","30,62","28,13","26,46"
"00:24:30","36,79","37,28","36,24","34,33","30,67","28,14","26,46"
"00:24:35","36,52","37,01","36,09","34,30","30,71","28,16","26,47"
"00:24:40","36,26","36,76","35,93","34,26","30,75","28,17","26,48"
"00:24:45","36,02","36,50","35,76","34,21","30,79","28,19","26,48"
"00:24:50","35,82","36,28","35,61","34,15","30,82","28,20","26,49"
"00:24:55","35,63","36,09","35,47","34,09","30,85","28,22","26,49"
"00:25:00","35,44","35,88","35,32","34,02","30,87","28,23","26,50"
"00:25:05","35,26","35,70","35,18","33,95","30,89","28,25","26,50"
"00:25:10","35,10","35,53","35,04","33,88","30,91","28,27","26,51"
"00:25:15","34,94","35,37","34,92","33,82","30,92","28,29","26,52"
"00:25:20","34,78","35,21","34,80","33,74","30,93","28,31","26,53"
"00:25:25","34,63","35,05","34,68","33,67","30,95","28,33","26,54"
"00:25:30","34,49","34,92","34,57","33,60","30,96","28,35","26,55"
"00:25:35","34,36","34,78","34,45","33,53","30,95","28,36","26,55"
"00:25:40","34,26","34,64","34,33","33,45","30,95","28,38","26,56"
"00:25:45","34,20","34,51","34,22","33,38","30,95","28,40","26,57"
"00:25:50","34,15","34,40","34,12","33,31","30,95","28,42","26,57"
"00:25:55","34,11","34,31","34,02","33,24","30,94","28,43","26,58"
"00:26:00","34,07","34,22","33,92","33,16","30,92","28,44","26,58"
"00:26:05","34,07","34,14","33,83","33,10","30,92","28,46","26,59"
"00:26:10","34,09","34,08","33,76","33,04","30,91","28,47","26,59"
"00:26:15","34,18","34,03","33,69","32,97","30,90","28,49","26,60"
"00:26:20","34,32","33,99","33,62","32,91","30,88","28,50","26,61"
"00:26:25","34,55","33,98","33,55","32,85","30,87","28,52","26,62"
"00:26:30","34,83","33,99","33,49","32,79","30,85","28,52","26,61"
"00:26:35","35,22","34,04","33,46","32,74","30,83","28,54","26,62"
"00:26:40","35,75","34,14","33,44","32,70","30,82","28,55","26,62"
"00:26:45","36,38","34,29","33,43","32,65","30,80","28,56","26,63"
"00:26:50","37,09","34,47","33,45","32,63","30,79","28,57","26,63"
"00:26:55","37,93","34,73","33,49","32,59","30,76","28,57","26,62"
"00:27:00","38,71","35,03","33,56","32,58","30,75","28,58","26,63"
"00:27:05","39,49","35,39","33,66","32,59","30,74","28,60","26,64"
"00:27:10","40,18","35,74","33,79","32,60","30,72","28,60","26,64"
"00:27:15","40,85","36,14","33,94","32,62","30,70","28,61","26,64"
"00:27:20","41,43","36,50","34,10","32,66","30,69","28,61","26,64"
"00:27:25","42,02","36,90","34,29","32,71","30,68","28,61","26,65"
"00:27:30","42,54","37,27","34,49","32,78","30,67","28,62","26,65"
"00:27:35","43,06","37,65","34,69","32,85","30,65","28,61","26,65"
"00:27:40","43,52","38,01","34,91","32,95","30,65","28,62","26,65"
"00:27:45","43,99","38,38","35,14","33,05","30,65","28,63","26,65"
"00:27:50","44,39","38,71","35,35","33,15","30,65","28,63","26,65"
"00:27:55","44,81","39,06","35,58","33,27","30,65","28,62","26,65"
"00:28:00","45,18","39,38","35,80","33,39","30,67","28,63","26,66"
"00:28:05","45,54","39,72","36,04","33,53","30,69","28,64","26,67"
"00:28:10","45,76","40,02","36,26","33,66","30,71","28,64","26,67"
"00:28:15","45,81","40,29","36,49","33,79","30,72","28,63","26,67"
"00:28:20","45,71","40,51","36,70","33,92","30,75","28,63","26,68"
"00:28:25","45,43","40,69","36,91","34,07","30,78","28,64","26,69"
"00:28:30","45,04","40,79","37,10","34,21","30,82","28,65","26,70"
"00:28:35","44,48","40,82","37,27","34,36","30,86","28,66","26,72"
"00:28:40","43,86","40,78","37,39","34,48","30,89","28,66","26,73"
"00:28:45","43,12","40,67","37,49","34,61","30,94","28,66","26,74"
"00:28:50","42,39","40,50","37,56","34,71","30,98","28,67","26,75"
"00:28:55","41,58","40,26","37,58","34,81","31,03","28,68","26,76"
"00:29:00","40,85","40,00","37,58","34,90","31,08","28,69","26,78"
"00:29:05","40,07","39,67","37,53","34,96","31,12","28,69","26,78"
"00:29:10","39,41","39,35","37,46","35,00","31,17","28,70","26,79"
"00:29:15","38,76","38,99","37,35","35,04","31,22","28,71","26,81"
"00:29:20","38,21","38,65","37,23","35,04","31,26","28,71","26,80"
"00:29:25","37,75","38,29","37,08","35,04","31,30","28,72","26,81"
"00:29:30","37,43","37,98","36,94","35,02","31,35","28,74","26,82"
"00:29:35","37,13","37,68","36,77","34,99","31,39","28,75","26,83"
"00:29:40","36,88","37,42","36,61","34,95","31,42","28,76","26,84"
"00:29:45","36,65","37,17","36,45","34,90","31,46","28,78","26,85"
"00:29:50","36,45","36,96","36,31","34,85","31,50","28,80","26,86"
"00:29:55","36,24","36,73","36,14","34,78","31,52","28,81","26,86"
"00:30:00","36,06","36,54","36,00","34,71","31,54","28,82","26,87"
"00:30:05","35,87","36,35","35,85","34,63","31,56","28,84","26,87"
"00:30:10","35,69","36,17","35,72","34,56","31,57","28,84","26,87"
"00:30:15","35,52","35,99","35,58","34,48","31,58","28,86","26,88"
"00:30:20","35,37","35,85","35,46","34,41","31,59","28,88","26,89"
"00:30:25","35,22","35,69","35,33","34,34","31,60","28,90","26,90"
"00:30:30","35,07","35,55","35,22","34,27","31,60","28,92","26,91"
"00:30:35","34,93","35,39","35,09","34,18","31,59","28,93","26,91"
"00:30:40","34,83","35,26","34,98","34,11","31,59","28,94","26,91"
"00:30:45","34,76","35,13","34,85","34,03","31,58","28,95","26,92"
"00:30:50","34,72","35,02","34,75","33,95","31,58","28,97","26,93"
"00:30:55","34,66","34,92","34,65","33,88","31,57","28,99","26,93"
"00:31:00","34,63","34,83","34,56","33,81","31,56","29,00","26,94"
"00:31:05","34,61","34,74","34,46","33,74","31,55","29,01","26,94"
"00:31:10","34,64","34,67","34,38","33,67","31,53","29,02","26,94"
"00:31:15","34,73","34,61","34,30","33,61","31,52","29,04","26,96"
"00:31:20","34,87","34,57","34,22","33,54","31,50","29,05","26,96"
"00:31:25","35,09","34,56","34,16","33,48","31,49","29,06","26,97"
"00:31:30","35,38","34,58","34,11","33,42","31,47","29,07","26,97"
"00:31:35","35,80","34,63","34,06","33,36","31,45","29,08","26,97"
"00:31:40","36,29","34,72","34,04","33,32","31,43","29,09","26,97"
"00:31:45","36,94","34,87","34,03","33,28","31,41","29,10","26,97"
"00:31:50","37,64","35,05","34,04","33,24","31,39","29,10","26,97"
"00:31:55","38,48","35,31","34,09","33,21","31,37","29,11","26,97"
"00:32:00","39,25","35,60","34,14","33,19","31,34","29,11","26,97"
"00:32:05","40,03","35,96","34,25","33,19","31,33","29,12","26,97"
"00:32:10","40,69","36,31","34,37","33,19","31,31","29,12","26,97"
"00:32:15","41,36","36,70","34,52","33,22","31,30","29,13","26,98"
"00:32:20","41,94","37,07","34,69","33,26","31,28","29,13","26,97"
"00:32:25","42,52","37,46","34,87","33,31","31,26","29,13","26,97"
"00:32:30","43,03","37,82","35,06","33,37","31,24","29,13","26,98"
"00:32:35","43,55","38,21","35,27","33,45","31,23","29,13","26,98"
"00:32:40","44,00","38,56","35,48","33,54","31,23","29,14","26,98"
"00:32:45","44,46","38,93","35,71","33,64","31,23","29,14","26,99"
"00:32:50","44,86","39,25","35,92","33,74","31,23","29,14","26,99"
"00:32:55","45,28","39,60","36,15","33,86","31,24","29,14","26,99"
"00:33:00","45,65","39,92","36,37","33,98","31,25","29,14","27,00"
"00:33:05","46,02","40,26","36,62","34,11","31,26","29,14","26,99"
"00:33:10","46,23","40,55","36,83","34,24","31,27","29,14","26,99"
"00:33:15","46,29","40,81","37,05","34,37","31,30","29,14","27,00"
"00:33:20","46,17","41,04","37,26","34,51","31,32","29,14","27,01"
"00:33:25","45,88","41,21","37,47","34,64","31,34","29,14","27,01"
"00:33:30","45,47","41,30","37,64","34,78","31,37","29,14","27,02"
"00:33:35","44,95","41,32","37,80","34,91","31,41","29,14","27,03"
"00:33:40","44,28","41,28","37,93","35,04","31,45","29,14","27,04"
"00:33:45","43,53","41,15","38,03","35,17","31,49","29,15","27,05"
"00:33:50","42,79","40,98","38,09","35,27","31,53","29,15","27,06"
"00:33:55","42,04","40,76","38,11","35,36","31,57","29,15","27,07"
"00:34:00","41,24","40,47","38,09","35,44","31,62","29,16","27,07"
"00:34:05","40,48","40,15","38,04","35,51","31,66","29,17","27,08"
"00:34:10","39,82","39,82","37,97","35,55","31,70","29,17","27,09"
"00:34:15","39,21","39,48","37,86","35,57","31,74","29,17","27,09"
"00:34:20","38,65","39,12","37,74","35,59","31,80","29,19","27,11"
"00:34:25","38,20","38,77","37,59","35,58","31,84","29,20","27,11"
"00:34:30","37,88","38,46","37,45","35,57","31,89","29,22","27,12"
"00:34:35","37,60","38,18","37,29","35,53","31,92","29,22","27,12"
"00:34:40","37,34","37,90","37,12","35,49","31,96","29,24","27,12"
"00:34:45","37,10","37,65","36,95","35,43","31,99","29,25","27,11"
"00:34:50","36,89","37,43","36,80","35,37","32,02","29,26","27,11"
"00:34:55","36,70","37,22","36,65","35,30","32,04","29,27","27,11"
"00:35:00","36,50","37,01","36,50","35,23","32,06","29,29","27,11"
"00:35:05","36,31","36,82","36,35","35,15","32,09","29,31","27,10"
"00:35:10","36,15","36,65","36,22","35,08","32,10","29,32","27,10"
"00:35:15","35,98","36,49","36,09","35,01","32,11","29,33","27,10"
"00:35:20","35,83","36,33","35,97","34,94","32,12","29,36","27,11"
"00:35:25","35,67","36,17","35,84","34,86","32,13","29,38","27,10"
"00:35:30","35,52","36,03","35,72","34,79","32,13","29,39","27,10"
"00:35:35","35,39","35,89","35,61","34,71","32,13","29,41","27,10"
"00:35:40","35,29","35,74","35,48","34,63","32,12","29,41","27,10"
"00:35:45","35,22","35,61","35,37","34,55","32,11","29,43","27,09"
"00:35:50","35,17","35,50","35,26","34,48","32,10","29,44","27,09"
"00:35:55","35,12","35,40","35,17","34,41","32,10","29,45","27,08"
"00:36:00","35,09","35,30","35,06","34,33","32,09","29,46","27,07"
"00:36:05","35,08","35,22","34,96","34,25","32,07","29,47","27,07"
"00:36:10","35,11","35,15","34,88","34,18","32,05","29,48","27,06"
"00:36:15","35,19","35,09","34,80","34,12","32,04","29,49","27,05"
"00:36:20","35,34","35,06","34,74","34,05","32,03","29,51","27,05"
"00:36:25","35,57","35,04","34,67","33,99","32,01","29,52","27,04"